1.67765e-05,1.71826e-08,0,0
0.000428932,0.00101963,0.00293866,0.00631271
4.61304e-05,-0.00110643,0.00587735,0.0126254
0.000310086,0.000375873,0.00881608,0.0189382
0.000574215,0.0017475,0.0117549,0.025251
0.00110823,0.00430057,0.0146937,0.0315638
0.00148849,0.00598551,0.0176327,0.0378767
0.00221149,0.00897119,0.0205718,0.0441897
0.00287735,0.0115313,0.0235111,0.0505028
0.00362056,0.0142275,0.0264505,0.056816
0.00444954,0.0170807,0.0293901,0.0631293
0.00536181,0.0200733,0.0293901,0.0631293
0.00607205,0.0223118,0.0323299,0.0694428
0.00708816,0.025394,0.0323299,0.0694428
0.00815002,0.0284873,0.0323299,0.0694428
0.00925063,0.031567,0.0352699,0.0757564
0.0101309,0.0339504,0.0352699,0.0757564
0.0113418,0.0371318,0.0382102,0.0820702
0.0126291,0.0404036,0.0382102,0.0820702
0.0139568,0.0436771,0.0411508,0.0883841
0.0153539,0.0470205,0.0411508,0.0883841
0.016796,0.0503807,0.0440916,0.0946983
0.0183137,0.0538285,0.0440916,0.0946983
0.0198654,0.0572715,0.0470328,0.101013
0.0214936,0.0608054,0.0470328,0.101013
0.0231501,0.0643282,0.0499743,0.107327
0.0248792,0.0679348,0.0499743,0.107327
0.0266358,0.0715348,0.0529161,0.113642
0.0284615,0.0752136,0.0558583,0.119957
0.0303506,0.0789716,0.0558583,0.119957
0.0327483,0.0836737,0.0588009,0.126272
0.0347308,0.0875074,0.061744,0.132588
0.0367708,0.0914179,0.061744,0.132588
0.0383157,0.0943583,0.0646874,0.138904
0.0409557,0.0993424,0.0646874,0.138904
0.0430879,0.103337,0.0676313,0.14522
0.0452717,0.107402,0.0705757,0.151537
0.0475042,0.111544,0.0705757,0.151537
0.0491877,0.11466,0.0735206,0.157853
0.0503254,0.11676,0.076466,0.164171
0.0520737,0.119986,0.076466,0.164171
0.0549966,0.125378,0.076466,0.164171
0.0573315,0.129679,0.079412,0.170488
0.0591158,0.132965,0.0823585,0.176806
0.0615301,0.13742,0.0853056,0.183124
0.0639796,0.141954,0.0853056,0.183124
0.0670438,0.147647,0.0882533,0.189443
0.0695265,0.152278,0.0912016,0.195762
0.0720362,0.156983,0.0941506,0.202081
0.0745748,0.161769,0.0941506,0.202081
0.0769048,0.166187,0.0971003,0.208401
0.0794077,0.170961,0.100051,0.214722
0.0819864,0.175913,0.103002,0.221043
0.0845818,0.180932,0.105953,0.227364
0.0865501,0.184762,0.105953,0.227364
0.0889581,0.189479,0.108906,0.233686
0.0915768,0.194648,0.111859,0.240008
0.0935626,0.198593,0.114813,0.246331
0.0962271,0.203921,0.114813,0.246331
0.0985182,0.208538,0.117768,0.252655
0.1011,0.213782,0.120724,0.258979
0.103734,0.219172,0.12368,0.265303
0.105734,0.223292,0.12368,0.265303
0.108054,0.2281,0.126638,0.271628
0.110501,0.23321,0.129596,0.277954
0.113047,0.238563,0.132555,0.28428
0.115625,0.244017,0.135515,0.290607
0.118239,0.249579,0.135515,0.290607
0.120889,0.255256,0.138477,0.296935
0.123177,0.260194,0.141439,0.303263
0.125586,0.265417,0.144402,0.309592
0.128033,0.270746,0.147366,0.315921
0.130524,0.276191,0.150331,0.322251
0.133055,0.281741,0.150331,0.322251
0.135092,0.286224,0.153297,0.328582
0.13794,0.292518,0.156265,0.334914
0.140225,0.297579,0.159233,0.341246
0.142622,0.302897,0.162202,0.347579
0.145069,0.308334,0.165173,0.353913
0.147559,0.313869,0.168145,0.360248
0.150093,0.319504,0.168145,0.360248
0.152093,0.323956,0.171118,0.366583
0.154362,0.329008,0.174092,0.372919
0.156783,0.334394,0.177068,0.379256
0.159244,0.339866,0.180044,0.385594
0.161753,0.34544,0.180044,0.385594
0.164248,0.350974,0.183022,0.391933
0.166474,0.355906,0.186001,0.398272
0.168251,0.35984,0.188982,0.404613
0.17076,0.365381,0.191964,0.410954
0.173297,0.370976,0.191964,0.410954
0.175829,0.376547,0.194947,0.417296
0.178046,0.381412,0.197932,0.423639
0.179831,0.385323,0.200918,0.429983
0.182378,0.39089,0.203905,0.436328
0.184937,0.396472,0.203905,0.436328
0.186869,0.400676,0.206894,0.442674
0.188619,0.404475,0.209884,0.449021
0.191199,0.410066,0.212876,0.455369
0.193777,0.415641,0.212876,0.455369
0.195714,0.419818,0.215869,0.461717
0.197495,0.423652,0.218864,0.468067
0.200092,0.429231,0.22186,0.474418
0.202685,0.43479,0.22186,0.474418
0.204644,0.438978,0.224858,0.48077
0.20698,0.443964,0.227858,0.487123
0.209496,0.449324,0.230859,0.493477
0.212055,0.454765,0.233861,0.499832
0.214664,0.460305,0.233861,0.499832
0.216652,0.464517,0.236866,0.506188
0.219013,0.46951,0.239872,0.512545
0.222173,0.476185,0.242879,0.518903
0.2246,0.481303,0.245889,0.525263
0.226519,0.485346,0.2489,0.531623
0.229948,0.492563,0.2489,0.531623
0.231775,0.496402,0.251913,0.537985
0.234201,0.501496,0.254927,0.544348
0.236734,0.50681,0.257944,0.550712
0.23931,0.51221,0.260962,0.557077
0.241935,0.517712,0.263982,0.563443
0.245275,0.524705,0.263982,0.563443
0.247087,0.528498,0.267004,0.569811
0.249462,0.533466,0.270028,0.57618
0.251367,0.537448,0.273053,0.58255
0.254731,0.544483,0.273053,0.58255
0.25651,0.5482,0.276081,0.588922
0.258861,0.553113,0.27911,0.595294
0.261375,0.558364,0.282142,0.601668
0.263925,0.563694,0.285175,0.608044
0.266529,0.569134,0.28821,0.61442
0.269184,0.574681,0.28821,0.61442
0.271179,0.578849,0.291248,0.620798
0.273493,0.583684,0.294287,0.627177
0.276728,0.590446,0.297329,0.633558
0.278569,0.594294,0.300372,0.63994
0.281305,0.600012,0.300372,0.63994
0.283238,0.604054,0.303418,0.646324
0.285659,0.609116,0.306466,0.652708
0.287598,0.613172,0.309516,0.659095
0.290346,0.618919,0.309516,0.659095
0.292285,0.622975,0.312568,0.665482
0.294693,0.628011,0.315622,0.671871
0.296645,0.632095,0.318679,0.678262
0.2994,0.637859,0.318679,0.678262
0.301367,0.641975,0.321737,0.684654
0.303815,0.647098,0.324798,0.691047
0.305768,0.651186,0.327862,0.697442
0.308542,0.656989,0.327862,0.697442
0.310559,0.661212,0.330927,0.703839
0.312902,0.666114,0.333995,0.710237
0.31487,0.670232,0.337065,0.716636
0.317635,0.676019,0.337065,0.716636
0.320266,0.681522,0.340137,0.723038
0.32266,0.68653,0.343212,0.72944
0.325202,0.691848,0.34629,0.735845
0.3278,0.69728,0.349369,0.74225
0.330443,0.702805,0.352451,0.748658
0.333132,0.708425,0.352451,0.748658
0.33515,0.712643,0.355536,0.755067
0.337557,0.71767,0.358623,0.761478
0.340169,0.723126,0.361712,0.76789
0.342809,0.728636,0.364804,0.774304
0.346167,0.735644,0.364804,0.774304
0.347959,0.739381,0.367899,0.78072
0.350315,0.744292,0.370996,0.787137
0.352892,0.749663,0.374096,0.793556
0.355497,0.755089,0.377198,0.799977
0.357492,0.759243,0.380303,0.806399
0.361042,0.766632,0.380303,0.806399
0.362877,0.770449,0.38341,0.812824
0.365308,0.775501,0.386521,0.81925
0.367281,0.779601,0.389633,0.825678
0.370073,0.785399,0.389633,0.825678
0.372062,0.78953,0.392749,0.832107
0.375103,0.795838,0.395867,0.838539
0.377598,0.80101,0.398988,0.844972
0.379557,0.80507,0.402112,0.851407
0.382366,0.810887,0.402112,0.851407
0.384885,0.816102,0.405239,0.857844
0.386706,0.819868,0.408368,0.864282
0.389438,0.825516,0.4115,0.870723
0.392132,0.831083,0.4115,0.870723
0.394031,0.835005,0.414635,0.877165
0.39657,0.840245,0.417773,0.88361
0.398536,0.844302,0.420914,0.890056
0.401331,0.850065,0.420914,0.890056
0.403333,0.854191,0.424058,0.896504
0.405837,0.859347,0.427205,0.902954
0.408484,0.864795,0.430354,0.909406
0.411159,0.870299,0.433507,0.91586
0.413883,0.875899,0.433507,0.91586
0.415923,0.880092,0.436662,0.922316
0.418422,0.885222,0.439821,0.928774
0.421074,0.890667,0.442982,0.935234
0.423759,0.896175,0.446147,0.941696
0.426493,0.90178,0.446147,0.941696
0.428564,0.906023,0.449315,0.94816
0.43165,0.912342,0.452486,0.954627
0.434147,0.917453,0.45566,0.961095
0.4368,0.922879,0.458837,0.967565
0.439505,0.928409,0.462017,0.974037
0.442259,0.934038,0.462017,0.974037
0.444303,0.938212,0.4652,0.980512
0.447394,0.944519,0.468387,0.986988
0.449919,0.949668,0.471577,0.993467
0.452596,0.955126,0.47477,0.999948
0.45532,0.960677,0.47477,0.999948
0.45721,0.964526,0.477966,1.00643
0.459724,0.969641,0.481166,1.01292
0.462395,0.975075,0.484369,1.0194
0.465093,0.980561,0.487575,1.02589
0.467846,0.986156,0.487575,1.02589
0.469902,0.990332,0.490785,1.03238
0.47241,0.995421,0.493998,1.03888
0.4751,1.00088,0.497214,1.04537
0.477818,1.00639,0.500434,1.05187
0.480585,1.012,0.500434,1.05187
0.482716,1.01632,0.503657,1.05837
0.485205,1.02136,0.506884,1.06488
0.487912,1.02683,0.510114,1.07138
0.490642,1.03235,0.513347,1.07789
0.49273,1.03658,0.513347,1.07789
0.494961,1.04108,0.516585,1.0844
0.498222,1.04767,0.519825,1.09091
0.500152,1.05156,0.523069,1.09743
0.503016,1.05734,0.523069,1.09743
0.504981,1.0613,0.526317,1.10394
0.507596,1.06657,0.529569,1.11046
0.510323,1.07206,0.532823,1.11698
0.513088,1.07763,0.532823,1.11698
0.51513,1.08174,0.536082,1.12351
0.517002,1.0855,0.539344,1.13003
0.520586,1.0927,0.54261,1.13656
0.523157,1.09787,0.54588,1.14309
0.525248,1.10206,0.54588,1.14309
0.52747,1.10652,0.549153,1.14963
0.530052,1.1117,0.55243,1.15616
0.532836,1.11728,0.555711,1.1627
0.536344,1.1243,0.555711,1.1627
0.538105,1.12783,0.558996,1.16924
0.540549,1.13272,0.562284,1.17579
0.542603,1.13682,0.565577,1.18234
0.546241,1.14409,0.565577,1.18234
0.547965,1.14753,0.568873,1.18888
0.550359,1.15231,0.572173,1.19544
0.553118,1.15781,0.575477,1.20199
0.555877,1.16331,0.578784,1.20855
0.558692,1.16892,0.578784,1.20855
0.561208,1.17392,0.582096,1.21511
0.563043,1.17758,0.585412,1.22167
0.566609,1.18466,0.588731,1.22823
0.568567,1.18856,0.592055,1.2348
0.571492,1.19436,0.592055,1.2348
0.574092,1.19952,0.595383,1.24137
0.576639,1.20457,0.598714,1.24794
0.579401,1.21005,0.60205,1.25452
0.582197,1.21559,0.60539,1.26109
0.585049,1.22123,0.60539,1.26109
0.587121,1.22533,0.608734,1.26767
0.589779,1.23059,0.612082,1.27426
0.591868,1.23472,0.615434,1.28084
0.5941,1.23913,0.615434,1.28084
0.597004,1.24486,0.61879,1.28743
0.599625,1.25003,0.62215,1.29402
0.601729,1.25418,0.625515,1.30062
0.604746,1.26012,0.625515,1.30062
0.606793,1.26415,0.628884,1.30721
0.609502,1.26948,0.632257,1.31381
0.612336,1.27506,0.635634,1.32042
0.614487,1.27929,0.635634,1.32042
0.616758,1.28375,0.639016,1.32702
0.61945,1.28903,0.642402,1.33363
0.622308,1.29464,0.642402,1.33363
0.624897,1.29971,0.645792,1.34024
0.626746,1.30334,0.649187,1.34685
0.629623,1.30897,0.652586,1.35347
0.633179,1.31593,0.652586,1.35347
0.63484,1.31917,0.655989,1.36009
0.636659,1.32273,0.659397,1.36671
0.640369,1.32997,0.662809,1.37334
0.643017,1.33514,0.666226,1.37997
0.646571,1.34207,0.666226,1.37997
0.648273,1.34539,0.669647,1.3866
0.650768,1.35024,0.673072,1.39323
0.653602,1.35576,0.676502,1.39987
0.656439,1.36128,0.679937,1.40651
0.659343,1.36692,0.679937,1.40651
0.661346,1.37081,0.683376,1.41315
0.663966,1.37589,0.68682,1.4198
0.666844,1.38148,0.690268,1.42645
0.669737,1.38708,0.690268,1.42645
0.671655,1.3908,0.693721,1.4331
0.674337,1.39599,0.697179,1.43976
0.677206,1.40154,0.700641,1.44642
0.680102,1.40714,0.700641,1.44642
0.68222,1.41123,0.704108,1.45308
0.684771,1.41616,0.707579,1.45974
0.687658,1.42173,0.711056,1.46641
0.690553,1.42731,0.711056,1.46641
0.693111,1.43224,0.714537,1.47308
0.695009,1.43589,0.718022,1.47976
0.697229,1.44017,0.721513,1.48643
0.701129,1.44767,0.721513,1.48643
0.702402,1.45011,0.725008,1.49311
0.704941,1.45499,0.728509,1.4998
0.707188,1.45931,0.728509,1.4998
0.70995,1.4646,0.732014,1.50648
0.711947,1.46843,0.735524,1.51317
0.714193,1.47274,0.735524,1.51317
0.71652,1.47719,0.739038,1.51987
0.719852,1.48357,0.742558,1.52656
0.722591,1.48881,0.746083,1.53326
0.72478,1.49299,0.746083,1.53326
0.727088,1.4974,0.749612,1.53997
0.730439,1.50379,0.753147,1.54667
0.733182,1.50903,0.756686,1.55338
0.736125,1.51464,0.756686,1.55338
0.738116,1.51843,0.760231,1.5601
0.740027,1.52207,0.76378,1.56681
0.743113,1.52794,0.76378,1.56681
0.745688,1.53283,0.767335,1.57353
0.74831,1.53781,0.770895,1.58026
0.751171,1.54324,0.774459,1.58698
0.754076,1.54875,0.778029,1.59371
0.757049,1.55439,0.778029,1.59371
0.759092,1.55826,0.781604,1.60044
0.762445,1.56461,0.785184,1.60718
0.765203,1.56982,0.78877,1.61392
0.768144,1.57538,0.78877,1.61392
0.770138,1.57915,0.79236,1.62066
0.772716,1.58401,0.795956,1.62741
0.775682,1.58961,0.799557,1.63416
0.77939,1.5966,0.799557,1.63416
0.781147,1.59991,0.803163,1.64092
0.783086,1.60355,0.806775,1.64767
0.786212,1.60944,0.806775,1.64767
0.788249,1.61327,0.810391,1.65443
0.79091,1.61826,0.814013,1.6612
0.793853,1.62379,0.817641,1.66797
0.796814,1.62934,0.817641,1.66797
0.79948,1.63434,0.821274,1.67474
0.801338,1.63782,0.824912,1.68151
0.805214,1.64508,0.828556,1.68829
0.807266,1.64891,0.832205,1.69507
0.809628,1.65333,0.832205,1.69507
0.812067,1.65789,0.835859,1.70186
0.814937,1.66325,0.839519,1.70865
0.818018,1.669,0.839519,1.70865
0.819555,1.67186,0.843184,1.71544
0.82231,1.677,0.846855,1.72224
0.825434,1.68282,0.846855,1.72224
0.827661,1.68696,0.850532,1.72904
0.830317,1.6919,0.854214,1.73584
0.833363,1.69756,0.854214,1.73584
0.835387,1.70132,0.857901,1.74265
0.838132,1.70641,0.861594,1.74946
0.84112,1.71195,0.865293,1.75627
0.844131,1.71753,0.865293,1.75627
0.846327,1.7216,0.868998,1.76309
0.848945,1.72644,0.872708,1.76991
0.852746,1.73347,0.876423,1.77674
0.855546,1.73864,0.880145,1.78357
0.858609,1.7443,0.880145,1.78357
0.861247,1.74916,0.883872,1.7904
0.863244,1.75284,0.887605,1.79724
0.866412,1.75868,0.887605,1.79724
0.869095,1.76362,0.891343,1.80408
0.871653,1.76832,0.895088,1.81093
0.874651,1.77383,0.898838,1.81778
0.877681,1.77939,0.898838,1.81778
0.88033,1.78425,0.902594,1.82463
0.883017,1.78918,0.906356,1.83149
0.886002,1.79465,0.910123,1.83835
0.889028,1.80019,0.913897,1.84521
0.891344,1.80443,0.913897,1.84521
0.893774,1.80887,0.917676,1.85208
0.896604,1.81404,0.921462,1.85895
0.900541,1.82123,0.921462,1.85895
0.902267,1.82438,0.925253,1.86583
0.905021,1.8294,0.92905,1.87271
0.908098,1.835,0.932854,1.87959
0.91119,1.84063,0.932854,1.87959
0.913326,1.84451,0.936663,1.88648
0.915432,1.84834,0.940478,1.89337
0.917877,1.85278,0.940478,1.89337
0.920359,1.85729,0.9443,1.90027
0.924033,1.86396,0.948127,1.90717
0.926207,1.8679,0.951961,1.91407
0.928673,1.87237,0.951961,1.91407
0.931158,1.87687,0.9558,1.92098
0.934169,1.88232,0.9558,1.92098
0.936381,1.88632,0.959646,1.92789
0.939102,1.89123,0.963498,1.93481
0.941452,1.89548,0.967356,1.94173
0.945637,1.90303,0.967356,1.94173
0.94736,1.90613,0.97122,1.94865
0.949273,1.90958,0.975091,1.95558
0.952702,1.91575,0.975091,1.95558
0.955455,1.92071,0.978967,1.96251
0.958275,1.92578,0.98285,1.96945
0.961415,1.93142,0.98285,1.96945
0.963491,1.93514,0.98674,1.97639
0.966108,1.93984,0.990635,1.98333
0.969286,1.94553,0.994537,1.99028
0.972447,1.95119,0.994537,1.99028
0.975119,1.95598,0.998445,1.99724
0.977895,1.96094,1.00236,2.00419
0.98181,1.96793,1.00628,2.01115
0.983999,1.97184,1.01021,2.01812
0.988163,1.97927,1.01021,2.01812
0.990009,1.98256,1.01414,2.02509
0.992877,1.98767,1.01808,2.03206
0.99611,1.99343,1.01808,2.03206
0.998262,1.99725,1.02203,2.03903
1.00098,2.00208,1.02599,2.04601
1.00421,2.00782,1.02599,2.04601
1.00617,2.01131,1.02995,2.05299
1.00903,2.01636,1.03392,2.05997
1.01224,2.02205,1.03392,2.05997
1.01442,2.02592,1.03789,2.06695
1.01711,2.03068,1.04188,2.07393
1.02113,2.03777,1.04587,2.08091
1.02408,2.043,1.04986,2.08789
1.02809,2.05007,1.04986,2.08789
1.02941,2.05238,1.05387,2.09487
1.03141,2.0559,1.05788,2.10186
1.03497,2.06217,1.05788,2.10186
1.03694,2.06564,1.06191,2.10884
1.03986,2.07075,1.06593,2.11582
1.04235,2.07513,1.06593,2.11582
1.0447,2.07925,1.06997,2.12279
1.04786,2.08478,1.06997,2.12279
1.04942,2.0875,1.07402,2.12977
1.05222,2.09239,1.07807,2.13674
1.05555,2.0982,1.07807,2.13674
1.05751,2.10161,1.08213,2.14371
1.06032,2.1065,1.0862,2.15068
1.06365,2.11229,1.0862,2.15068
1.06523,2.11503,1.09028,2.15764
1.0689,2.1214,1.09437,2.1646
1.072,2.12675,1.09437,2.1646
1.07353,2.1294,1.09847,2.17156
1.07636,2.13429,1.10257,2.17851
1.07975,2.14014,1.10257,2.17851
1.08244,2.14475,1.10669,2.18546
1.08537,2.14978,1.11081,2.1924
1.0878,2.15395,1.11494,2.19934
1.09216,2.16143,1.11494,2.19934
1.09404,2.16464,1.11909,2.20627
1.0968,2.16934,1.12324,2.21319
1.10107,2.17659,1.12324,2.21319
1.10233,2.17875,1.1274,2.22011
1.10486,2.18302,1.13157,2.22702
1.10837,2.18896,1.13157,2.22702
1.11045,2.19247,1.13575,2.23392
1.1134,2.19745,1.13994,2.24082
1.11594,2.20172,1.13994,2.24082
1.11849,2.206,1.14414,2.2477
1.12143,2.21094,1.14834,2.25458
1.12485,2.21665,1.14834,2.25458
1.12718,2.22054,1.15256,2.26145
1.13016,2.22549,1.15679,2.26832
1.13355,2.23112,1.15679,2.26832
1.13561,2.23454,1.16103,2.27517
1.13842,2.23918,1.16528,2.28201
1.14274,2.2463,1.16528,2.28201
1.14414,2.24861,1.16954,2.28884
1.14678,2.25293,1.17382,2.29566
1.15031,2.25871,1.17382,2.29566
1.15237,2.26208,1.1781,2.30248
1.15515,2.26661,1.18239,2.30928
1.15866,2.2723,1.18239,2.30928
1.16022,2.27482,1.18669,2.31606
1.16409,2.28108,1.19101,2.32284
1.16732,2.28629,1.19533,2.32961
1.16992,2.29046,1.19533,2.32961
1.1726,2.29476,1.19967,2.33636
1.17569,2.2997,1.20402,2.3431
1.18015,2.30681,1.20402,2.3431
1.18148,2.30893,1.20838,2.34982
1.18417,2.3132,1.21275,2.35653
1.18789,2.31907,1.21275,2.35653
1.19007,2.3225,1.21713,2.36323
1.19319,2.3274,1.22152,2.36992
1.19677,2.33302,1.22152,2.36992
1.19891,2.33636,1.22593,2.37658
1.20123,2.33996,1.23035,2.38324
1.206,2.34737,1.23035,2.38324
1.20774,2.35006,1.23477,2.38988
1.21065,2.35455,1.23922,2.3965
1.21341,2.35879,1.23922,2.3965
1.21669,2.36383,1.24367,2.40311
1.21979,2.36856,1.24814,2.4097
1.22425,2.37534,1.25261,2.41627
1.22753,2.3803,1.2571,2.42283
1.23119,2.38583,1.2571,2.42283
1.23342,2.38919,1.26161,2.42937
1.23667,2.39406,1.26612,2.43589
1.24037,2.39959,1.26612,2.43589
1.24326,2.40388,1.27065,2.44239
1.24555,2.40727,1.27519,2.44888
1.25036,2.41438,1.27519,2.44888
1.25225,2.41716,1.27975,2.45534
1.25431,2.42017,1.28432,2.46179
1.2593,2.42747,1.28432,2.46179
1.26132,2.4304,1.2889,2.46821
1.26491,2.4356,1.29349,2.47462
1.26757,2.43943,1.2981,2.48101
1.27049,2.44363,1.2981,2.48101
1.27399,2.44865,1.30272,2.48737
1.27739,2.4535,1.30735,2.49372
1.28018,2.45746,1.30735,2.49372
1.28292,2.46135,1.312,2.50004
1.28641,2.46626,1.31666,2.50634
1.29016,2.47153,1.31666,2.50634
1.29264,2.47501,1.32134,2.51262
1.29582,2.47944,1.32603,2.51888
1.29965,2.48474,1.33073,2.52512
1.30342,2.48995,1.33073,2.52512
1.30566,2.49302,1.33545,2.53133
1.30818,2.49649,1.34018,2.53751
1.31235,2.50216,1.34018,2.53751
1.3155,2.50644,1.34493,2.54368
1.3189,2.51103,1.34969,2.54982
1.32274,2.5162,1.35447,2.55593
1.32659,2.52135,1.35447,2.55593
1.329,2.52455,1.35926,2.56202
1.33248,2.52916,1.36406,2.56809
1.33642,2.53436,1.36406,2.56809
1.33878,2.53746,1.36888,2.57413
1.34191,2.54154,1.37372,2.58014
1.34698,2.54813,1.37372,2.58014
1.34888,2.55058,1.37857,2.58613
1.35209,2.55471,1.38343,2.59209
1.35609,2.55983,1.38831,2.59802
1.36,2.5648,1.39321,2.60393
1.364,2.56987,1.39321,2.60393
1.36732,2.57405,1.39812,2.60981
1.37087,2.57849,1.40305,2.61566
1.37487,2.58347,1.40799,2.62148
1.37887,2.58843,1.40799,2.62148
1.38128,2.5914,1.41295,2.62728
1.38479,2.59569,1.41792,2.63304
1.38895,2.60076,1.42291,2.63878
1.39303,2.6057,1.42291,2.63878
1.39552,2.6087,1.42792,2.64448
1.40001,2.61407,1.43294,2.65016
1.4039,2.6187,1.43798,2.6558
1.40697,2.62232,1.43798,2.6558
1.4101,2.62602,1.44304,2.66141
1.41388,2.63043,1.44811,2.667
1.41809,2.63534,1.44811,2.667
1.42084,2.63851,1.4532,2.67255
1.42351,2.64158,1.4583,2.67807
1.42806,2.64678,1.4583,2.67807
1.43033,2.64937,1.46342,2.68355
1.43285,2.65221,1.46856,2.68901
1.43752,2.65746,1.46856,2.68901
1.44028,2.66055,1.47372,2.69443
1.44496,2.66573,1.47889,2.69981
1.44794,2.66902,1.48408,2.70517
1.45244,2.67395,1.48408,2.70517
1.45504,2.67679,1.48929,2.71049
1.45895,2.68101,1.49451,2.71577
1.46334,2.68573,1.49975,2.72102
1.46769,2.69038,1.49975,2.72102
1.4705,2.69335,1.50501,2.72624
1.47422,2.69727,1.51029,2.73142
1.47986,2.70316,1.51559,2.73656
1.48384,2.70729,1.5209,2.74167
1.48826,2.71184,1.5209,2.74167
1.4918,2.71545,1.52623,2.74674
1.49462,2.7183,1.53158,2.75178
1.49934,2.72305,1.53695,2.75678
1.50382,2.72753,1.53695,2.75678
1.50729,2.73097,1.54233,2.76174
1.51023,2.73385,1.54774,2.76666
1.51503,2.73854,1.55316,2.77154
1.51961,2.74297,1.55316,2.77154
1.52256,2.74581,1.5586,2.77639
1.52742,2.75043,1.56406,2.78119
1.53174,2.7545,1.56954,2.78596
1.53628,2.75875,1.57504,2.79069
1.53975,2.76198,1.57504,2.79069
1.54317,2.76513,1.58055,2.79538
1.54868,2.77017,1.58609,2.80002
1.55185,2.77304,1.59164,2.80463
1.55672,2.77742,1.59164,2.80463
1.55999,2.78033,1.59722,2.80919
1.56373,2.78363,1.60281,2.81372
1.56988,2.78901,1.60843,2.8182
1.57302,2.79174,1.61406,2.82264
1.57795,2.79598,1.61406,2.82264
1.58023,2.79792,1.61971,2.82704
1.58569,2.80252,1.62538,2.83139
1.58909,2.80537,1.63108,2.8357
1.59422,2.80964,1.63108,2.8357
1.59632,2.81136,1.63679,2.83997
1.60199,2.81598,1.64252,2.84419
1.60543,2.81876,1.64827,2.84837
1.61062,2.82291,1.64827,2.84837
1.6139,2.82551,1.65405,2.85251
1.61837,2.82901,1.65984,2.8566
1.62343,2.83293,1.66565,2.86064
1.62716,2.83581,1.66565,2.86064
1.63169,2.83925,1.67149,2.86464
1.63505,2.84177,1.67734,2.86859
1.64173,2.84675,1.67734,2.86859
1.64394,2.84837,1.68322,2.8725
1.64795,2.85127,1.68911,2.87636
1.65321,2.85505,1.69503,2.88017
1.65817,2.85859,1.70097,2.88394
1.6634,2.86226,1.70693,2.88766
1.66985,2.86674,1.70693,2.88766
1.67251,2.86855,1.71291,2.89133
1.67633,2.87112,1.71892,2.89495
1.68182,2.87479,1.72494,2.89852
1.68695,2.87818,1.73099,2.90204
1.69346,2.88242,1.73099,2.90204
1.69598,2.88404,1.73705,2.90552
1.70033,2.88678,1.74314,2.90894
1.70573,2.89017,1.74926,2.91231
1.7096,2.89256,1.75539,2.91563
1.71524,2.89602,1.75539,2.91563
1.71951,2.89859,1.76155,2.91891
1.72421,2.90138,1.76772,2.92213
1.72959,2.90453,1.77392,2.9253
1.73487,2.90759,1.78015,2.92841
1.74029,2.91068,1.78639,2.93148
1.74576,2.91376,1.78639,2.93148
1.75019,2.9162,1.79266,2.93449
1.75372,2.91812,1.79895,2.93745
1.75957,2.92127,1.80526,2.94035
1.76364,2.92343,1.8116,2.9432
1.77108,2.92732,1.8116,2.9432
1.77355,2.92858,1.81796,2.946
1.77689,2.93026,1.82434,2.94874
1.7832,2.93342,1.82434,2.94874
1.78635,2.93496,1.83075,2.95143
1.79149,2.93744,1.83718,2.95407
1.79571,2.93945,1.84363,2.95664
1.80174,2.94228,1.84363,2.95664
1.80504,2.9438,1.8501,2.95916
1.81032,2.94619,1.8566,2.96163
1.81461,2.94811,1.86313,2.96404
1.82225,2.95146,1.86313,2.96404
1.82478,2.95254,1.86967,2.96639
1.82967,2.9546,1.87625,2.96869
1.83555,2.95703,1.88284,2.97092
1.84125,2.95934,1.88946,2.9731
1.84705,2.96165,1.88946,2.9731
1.8506,2.96303,1.8961,2.97522
1.85542,2.96486,1.90277,2.97728
1.86147,2.96712,1.90946,2.97929
1.86728,2.96924,1.91618,2.98123
1.87464,2.97187,1.91618,2.98123
1.87737,2.97281,1.92292,2.98311
1.88228,2.97447,1.92969,2.98494
1.88837,2.97649,1.93648,2.9867
1.8942,2.97838,1.9433,2.9884
1.90015,2.98026,1.9433,2.9884
1.90408,2.98147,1.95014,2.99004
1.90911,2.98297,1.957,2.99162
1.91524,2.98477,1.96389,2.99314
1.92265,2.98687,1.97081,2.9946
1.92815,2.98838,1.97775,2.99599
1.93425,2.99,1.97775,2.99599
1.9379,2.99094,1.98472,2.99732
1.94316,2.99225,1.99171,2.99859
1.94937,2.99376,1.99873,2.99979
1.95543,2.99518,2.00578,3.00093
1.96314,2.99693,2.00578,3.00093
1.96557,2.99746,2.01285,3.00201
1.97013,2.99841,2.01994,3.00302
1.97678,2.99976,2.01994,3.00302
1.98001,3.00039,2.02706,3.00397
1.9835,3.00104,2.03421,3.00487
1.99044,3.00231,2.03421,3.00487
1.9944,3.003,2.04137,3.0057
2.0011,3.00411,2.04857,3.00647
2.00543,3.0048,2.05578,3.00719
2.01198,3.0058,2.05578,3.00719
2.01575,3.00635,2.06301,3.00786
2.02141,3.00713,2.07027,3.00846
2.02768,3.00796,2.07755,3.00902
2.03391,3.00874,2.08485,3.00952
2.03867,3.00931,2.08485,3.00952
2.04445,3.00996,2.09217,3.00997
2.05007,3.01054,2.0995,3.01037
2.05642,3.01116,2.10686,3.01071
2.06275,3.01174,2.10686,3.01071
2.06688,3.01209,2.11424,3.01101
2.07193,3.01248,2.12163,3.01127
2.07853,3.01295,2.12904,3.01147
2.08486,3.01337,2.12904,3.01147
2.08983,3.01366,2.13647,3.01163
2.0938,3.01386,2.14392,3.01175
2.10233,3.01427,2.14392,3.01175
2.10507,3.01437,2.15138,3.01182
2.11014,3.01454,2.15886,3.01185
2.11671,3.01473,2.16635,3.01183
2.12456,3.01492,2.17386,3.01178
2.12895,3.015,2.18139,3.01169
2.13567,3.0151,2.18139,3.01169
2.13994,3.01514,2.18892,3.01156
2.1469,3.01516,2.19647,3.01139
2.15307,3.01516,2.20404,3.01118
2.15952,3.01512,2.20404,3.01118
2.16348,3.01508,2.21161,3.01094
2.16764,3.01502,2.2192,3.01067
2.17648,3.01486,2.2192,3.01067
2.18062,3.01477,2.2268,3.01036
2.18427,3.01466,2.23441,3.01002
2.19122,3.01445,2.23441,3.01002
2.19516,3.01431,2.24203,3.00965
2.20071,3.01409,2.24966,3.00925
2.20717,3.01383,2.2573,3.00882
2.21355,3.01354,2.2573,3.00882
2.21741,3.01335,2.26495,3.00836
2.22161,3.01314,2.27261,3.00787
2.23038,3.01267,2.27261,3.00787
2.23315,3.01251,2.28027,3.00736
2.23684,3.01228,2.28795,3.00683
2.24402,3.01184,2.28795,3.00683
2.2481,3.01157,2.29563,3.00627
2.25357,3.0112,2.30331,3.00568
2.26019,3.01074,2.30331,3.00568
2.26424,3.01045,2.31101,3.00508
2.26959,3.01005,2.3187,3.00445
2.27615,3.00955,2.32641,3.0038
2.28255,3.00904,2.32641,3.0038
2.28681,3.0087,2.33412,3.00314
2.29369,3.00813,2.34183,3.00245
2.29975,3.00761,2.34955,3.00175
2.30613,3.00706,2.34955,3.00175
2.31013,3.0067,2.35727,3.00104
2.31715,3.00607,2.36499,3.00031
2.32311,3.00552,2.37272,2.99956
2.32949,3.00492,2.38044,2.99881
2.33598,3.0043,2.38044,2.99881
2.34118,3.0038,2.38817,2.99804
2.34523,3.0034,2.3959,2.99726
2.35384,3.00255,2.3959,2.99726
2.35698,3.00223,2.40363,2.99647
2.36041,3.00188,2.41136,2.99567
2.36756,3.00115,2.41136,2.99567
2.3719,3.0007,2.41909,2.99487
2.37856,2.99999,2.42682,2.99406
2.38467,2.99935,2.43454,2.99324
2.39105,2.99866,2.43454,2.99324
2.39472,2.99827,2.44227,2.99242
2.40045,2.99765,2.44999,2.9916
2.40699,2.99693,2.45771,2.99077
2.41502,2.99605,2.45771,2.99077
2.4173,2.9958,2.46542,2.98994
2.42085,2.99541,2.47313,2.98911
2.42821,2.99459,2.47313,2.98911
2.43183,2.99419,2.48084,2.98829
2.43695,2.99361,2.48854,2.98746
2.44385,2.99284,2.48854,2.98746
2.44678,2.99251,2.49624,2.98664
2.45401,2.99169,2.50393,2.98582
2.46014,2.991,2.50393,2.98582
2.46303,2.99067,2.51161,2.98501
2.46846,2.99006,2.51929,2.9842
2.47523,2.98929,2.51929,2.9842
2.47881,2.98889,2.52696,2.9834
2.4842,2.98828,2.53462,2.9826
2.49089,2.98753,2.53462,2.9826
2.49461,2.98711,2.54227,2.98182
2.50003,2.9865,2.54992,2.98104
2.50664,2.98576,2.54992,2.98104
2.51076,2.9853,2.55755,2.98028
2.51569,2.98475,2.56518,2.97953
2.52233,2.98402,2.57279,2.97879
2.53031,2.98314,2.57279,2.97879
2.53349,2.9828,2.5804,2.97807
2.53855,2.98225,2.58799,2.97736
2.54521,2.98153,2.59557,2.97667
2.55316,2.98069,2.59557,2.97667
2.55615,2.98037,2.60314,2.97599
2.56162,2.9798,2.6107,2.97534
2.5681,2.97913,2.61824,2.9747
2.57442,2.97848,2.61824,2.9747
2.57733,2.97819,2.62577,2.97408
2.58436,2.97749,2.63329,2.97349
2.59038,2.9769,2.64079,2.97291
2.5968,2.97627,2.64079,2.97291
2.60048,2.97592,2.64828,2.97236
2.60602,2.97541,2.65575,2.97184
2.61256,2.9748,2.6632,2.97134
2.61731,2.97437,2.6632,2.97134
2.62301,2.97386,2.67064,2.97087
2.62864,2.97338,2.67806,2.97042
2.63499,2.97284,2.68546,2.97
2.64135,2.97231,2.68546,2.97
2.64429,2.97207,2.69285,2.96961
2.65134,2.97152,2.70022,2.96926
2.65581,2.97118,2.70756,2.96893
2.66255,2.97067,2.70756,2.96893
2.66639,2.9704,2.71489,2.96864
2.67218,2.97,2.7222,2.96838
2.67861,2.96957,2.7222,2.96838
2.68207,2.96935,2.72949,2.96816
2.68611,2.9691,2.73676,2.96797
2.69308,2.96868,2.73676,2.96797
2.69645,2.96849,2.744,2.96782
2.70162,2.96822,2.75123,2.96771
2.70818,2.96789,2.75843,2.96763
2.71442,2.96759,2.75843,2.96763
2.71813,2.96743,2.76561,2.9676
2.72379,2.9672,2.77277,2.9676
2.73017,2.96696,2.7799,2.96765
2.73638,2.96675,2.78701,2.96774
2.74269,2.96656,2.78701,2.96774
2.74687,2.96645,2.79409,2.96788
2.75359,2.96631,2.80115,2.96806
2.75946,2.96621,2.80818,2.96829
2.76559,2.96613,2.81518,2.96856
2.77336,2.96606,2.82216,2.96888
2.77761,2.96605,2.82912,2.96926
2.78589,2.96606,2.82912,2.96926
2.78899,2.96608,2.83604,2.96968
2.79401,2.96614,2.84294,2.97015
2.80057,2.96624,2.8498,2.97068
2.80668,2.96637,2.85664,2.97126
2.81289,2.96653,2.85664,2.97126
2.81682,2.96665,2.86345,2.97189
2.82352,2.96691,2.87023,2.97258
2.82925,2.96717,2.87698,2.97332
2.83528,2.96747,2.8837,2.97412
2.84137,2.96781,2.89038,2.97499
2.84597,2.96809,2.89704,2.97591
2.85431,2.96865,2.89704,2.97591
2.85755,2.9689,2.90366,2.97689
2.86219,2.96928,2.91025,2.97793
2.8687,2.96985,2.9168,2.97904
2.87313,2.97027,2.92332,2.98021
2.87979,2.97094,2.92332,2.98021
2.88395,2.97139,2.92981,2.98144
2.88897,2.97197,2.93626,2.98274
2.89525,2.97274,2.94268,2.98411
2.90117,2.97351,2.94906,2.98554
2.90722,2.97435,2.9554,2.98704
2.91328,2.97524,2.96171,2.98862
2.91785,2.97595,2.96171,2.98862
2.92236,2.97668,2.96798,2.99026
2.92942,2.9779,2.97422,2.99197
2.93343,2.97863,2.98041,2.99376
2.93958,2.9798,2.98657,2.99563
2.94563,2.98101,2.99268,2.99756
2.95157,2.98225,2.99876,2.99958
2.95907,2.98391,2.99876,2.99958
2.96169,2.98453,3.00479,3.00167
2.9652,2.98539,3.01079,3.00384
2.97345,2.98747,3.01675,3.00608
2.97845,2.98879,3.02266,3.0084
2.98558,2.99079,3.02854,3.01079
2.99076,2.9923,3.03438,3.01327
2.99652,2.99405,3.04018,3.01581
3.00368,2.99633,3.04594,3.01843
3.0088,2.99803,3.05166,3.02112
3.01455,3.00001,3.05734,3.02389
3.0202,3.00204,3.06299,3.02673
3.02587,3.00415,3.0686,3.02964
3.03296,3.00689,3.07417,3.03262
3.03802,3.00894,3.0797,3.03567
3.04367,3.0113,3.08519,3.0388
3.04786,3.0131,3.09065,3.04199
3.05387,3.01576,3.09065,3.04199
3.05833,3.01782,3.09607,3.04526
3.06179,3.01948,3.10145,3.04859
3.06766,3.02235,3.1068,3.052
3.07297,3.02502,3.11211,3.05547
3.07837,3.02783,3.11739,3.05901
3.0851,3.03145,3.12263,3.06261
3.08992,3.03413,3.12783,3.06629
3.09389,3.0364,3.133,3.07003
3.09963,3.03974,3.133,3.07003
3.10271,3.0416,3.13813,3.07383
3.10759,3.04463,3.14323,3.07771
3.11147,3.04708,3.1483,3.08164
3.11694,3.05062,3.1483,3.08164
3.11977,3.0525,3.15332,3.08564
3.12448,3.05572,3.15832,3.08971
3.12825,3.05834,3.16328,3.09384
3.1335,3.06206,3.16821,3.09803
3.13849,3.06568,3.1731,3.10229
3.14466,3.07028,3.1731,3.10229
3.14632,3.07155,3.17796,3.10661
3.14987,3.07435,3.18279,3.11099
3.1551,3.07851,3.18758,3.11543
3.15977,3.0823,3.19234,3.11993
3.16563,3.08719,3.19707,3.12449
3.16988,3.09081,3.20177,3.12912
3.17453,3.09486,3.20643,3.1338
3.17917,3.09898,3.20643,3.1338
3.18202,3.10156,3.21107,3.13854
3.18601,3.10528,3.21567,3.14334
3.19053,3.10953,3.22024,3.14819
3.1949,3.11372,3.22477,3.15311
3.19927,3.118,3.22928,3.15808
3.20366,3.12237,3.22928,3.15808
3.20641,3.12516,3.23376,3.16311
3.21106,3.13,3.2382,3.1682
3.21499,3.13415,3.24262,3.17334
3.2191,3.13856,3.247,3.17853
3.22322,3.14305,3.25136,3.18378
3.22736,3.14762,3.25568,3.18909
3.2315,3.15228,3.25568,3.18909
3.23389,3.15501,3.25998,3.19445
3.23735,3.15906,3.26424,3.19986
3.24146,3.16391,3.26848,3.20532
3.24539,3.16861,3.27269,3.21084
3.24937,3.17345,3.27269,3.21084
3.25158,3.17617,3.27687,3.21641
3.25502,3.1805,3.28102,3.22203
3.25995,3.18675,3.28515,3.2277
3.26252,3.19006,3.28924,3.23342
3.26645,3.19517,3.28924,3.23342
3.2694,3.19907,3.29331,3.2392
3.27182,3.20233,3.29735,3.24502
3.2758,3.20772,3.30136,3.25089
3.2795,3.21278,3.30136,3.25089
3.28173,3.21589,3.30535,3.25681
3.28498,3.22047,3.30931,3.26277
3.28865,3.22569,3.31324,3.26879
3.2922,3.23079,3.31714,3.27485
3.29579,3.23602,3.31714,3.27485
3.29796,3.23921,3.32102,3.28096
3.30114,3.24396,3.32488,3.28712
3.3047,3.24931,3.3287,3.29332
3.30815,3.25455,3.3287,3.29332
3.31014,3.25762,3.3325,3.29956
3.31321,3.26241,3.33628,3.30585
3.31664,3.2678,3.34003,3.31219
3.32,3.27315,3.34003,3.31219
3.32199,3.27635,3.34376,3.31857
3.3249,3.28109,3.34746,3.32499
3.32827,3.28662,3.35114,3.33146
3.33236,3.29339,3.35114,3.33146
3.33349,3.2953,3.35479,3.33797
3.33604,3.29962,3.35842,3.34452
3.33949,3.3055,3.35842,3.34452
3.34147,3.30893,3.36202,3.35111
3.34482,3.31478,3.3656,3.35774
3.34779,3.32001,3.36916,3.36442
3.35086,3.32547,3.37269,3.37113
3.35476,3.33248,3.37269,3.37113
3.35621,3.33512,3.37621,3.37788
3.35802,3.33843,3.37969,3.38468
3.36226,3.34626,3.37969,3.38468
3.36364,3.34884,3.38316,3.39151
3.3661,3.35348,3.3866,3.39838
3.36917,3.35932,3.39002,3.40528
3.37212,3.36496,3.39002,3.40528
3.3738,3.36821,3.39342,3.41223
3.37629,3.37308,3.3968,3.41921
3.38009,3.38055,3.3968,3.41921
3.3811,3.38256,3.40016,3.42623
3.38322,3.3868,3.40349,3.43328
3.38631,3.39303,3.40349,3.43328
3.38789,3.39624,3.40681,3.44037
3.39016,3.4009,3.4101,3.44749
3.39239,3.40549,3.4101,3.44749
3.39442,3.40972,3.41337,3.45465
3.39763,3.41644,3.41662,3.46184
3.39957,3.42053,3.41986,3.46907
3.40247,3.42669,3.41986,3.46907
3.40426,3.43053,3.42307,3.47633
3.40666,3.43569,3.42626,3.48362
3.40951,3.44188,3.42626,3.48362
3.41131,3.44583,3.42943,3.49094
3.41363,3.45095,3.43259,3.4983
3.4164,3.4571,3.43259,3.4983
3.41792,3.4605,3.43572,3.50568
3.42031,3.4659,3.43884,3.5131
3.42301,3.47202,3.43884,3.5131
3.4247,3.47588,3.44193,3.52055
3.42683,3.48081,3.44501,3.52802
3.42951,3.48701,3.44501,3.52802
3.43156,3.49181,3.44807,3.53553
3.43368,3.49681,3.45111,3.54307
3.43623,3.50287,3.45413,3.55063
3.43876,3.5089,3.45413,3.55063
3.4407,3.51357,3.45714,3.55822
3.44231,3.51748,3.46013,3.56584
3.44563,3.5256,3.46013,3.56584
3.44687,3.52864,3.4631,3.57348
3.44876,3.53332,3.46606,3.58116
3.45133,3.53973,3.46606,3.58116
3.4527,3.54317,3.46899,3.58885
3.45485,3.54861,3.47192,3.59658
3.45731,3.55488,3.47192,3.59658
3.45883,3.55875,3.47482,3.60433
3.46032,3.5626,3.47771,3.6121
3.46358,3.57102,3.47771,3.6121
3.46467,3.57388,3.48058,3.6199
3.46707,3.58019,3.48344,3.62772
3.46936,3.58623,3.48344,3.62772
3.47082,3.5901,3.48628,3.63556
3.47231,3.5941,3.48911,3.64343
3.47484,3.60086,3.48911,3.64343
3.4761,3.60428,3.49192,3.65132
3.47746,3.60798,3.49472,3.65923
3.48003,3.61497,3.49472,3.65923
3.4816,3.61926,3.4975,3.66716
3.48416,3.62636,3.4975,3.66716
3.48502,3.62872,3.50027,3.67511
3.48685,3.63382,3.50303,3.68308
3.48921,3.64044,3.50303,3.68308
3.49053,3.64415,3.50577,3.69107
3.49254,3.64984,3.50849,3.69909
3.49481,3.6563,3.50849,3.69909
3.49587,3.65933,3.5112,3.70712
3.49767,3.66449,3.5112,3.70712
3.4995,3.66979,3.5139,3.71517
3.50144,3.67543,3.51659,3.72323
3.50359,3.68169,3.51659,3.72323
3.50483,3.68532,3.51927,3.73132
3.50674,3.69096,3.52193,3.73942
3.5089,3.69734,3.52193,3.73942
3.51049,3.70206,3.52458,3.74754
3.51183,3.70609,3.52721,3.75567
3.51407,3.7128,3.52721,3.75567
3.51542,3.71688,3.52984,3.76382
3.5171,3.72195,3.53245,3.77199
3.51984,3.73031,3.53245,3.77199
3.52096,3.73372,3.53505,3.78017
3.5226,3.73876,3.53764,3.78836
3.52476,3.74544,3.53764,3.78836
3.52611,3.74962,3.54022,3.79657
3.52792,3.75524,3.54279,3.80479
3.53001,3.76178,3.54279,3.80479
3.53132,3.76589,3.54535,3.81302
3.53255,3.76976,3.54789,3.82127
3.53478,3.77678,3.54789,3.82127
3.53649,3.7822,3.55043,3.82952
3.53827,3.78787,3.55296,3.83779
3.53981,3.7928,3.55296,3.83779
3.54158,3.79848,3.55547,3.84607
3.54287,3.80264,3.55798,3.85436
3.54558,3.81141,3.55798,3.85436
3.5463,3.81373,3.56048,3.86266
3.54791,3.81897,3.56048,3.86266
3.54884,3.82202,3.56297,3.87097
3.55118,3.82969,3.56297,3.87097
3.5519,3.83206,3.56545,3.87929
3.55348,3.83726,3.56792,3.88762
3.55502,3.84237,3.56792,3.88762
3.5568,3.84827,3.57038,3.89595
3.55857,3.85418,3.57283,3.9043
3.56004,3.85909,3.57283,3.9043
3.56146,3.86384,3.57528,3.91265
3.56362,3.87108,3.57528,3.91265
3.5646,3.87441,3.57772,3.921
3.56629,3.88014,3.58015,3.92936
3.56822,3.88668,3.58015,3.92936
3.56935,3.89052,3.58257,3.93773
3.57096,3.896,3.58499,3.94611
3.57291,3.90268,3.58499,3.94611
3.57404,3.90655,3.5874,3.95448
3.57608,3.91356,3.5898,3.96287
3.57789,3.91983,3.5898,3.96287
3.57901,3.92371,3.5922,3.97125
3.58065,3.92939,3.59459,3.97964
3.58258,3.93607,3.59459,3.97964
3.58408,3.94131,3.59697,3.98803
3.58569,3.94694,3.59935,3.99643
3.58803,3.95512,3.59935,3.99643
3.58869,3.95745,3.60172,4.00483
3.59004,3.96218,3.60409,4.01322
3.59203,3.96919,3.60409,4.01322
3.59316,3.97317,3.60645,4.02162
3.59461,3.97829,3.60645,4.02162
3.59589,3.98284,3.6088,4.03002
3.59748,3.98848,3.61115,4.03842
3.59934,3.9951,3.61115,4.03842
3.60071,3.99995,3.6135,4.04682
3.60186,4.00409,3.61584,4.05522
3.60431,4.01284,3.61584,4.05522
3.60518,4.01593,3.61818,4.06362
3.60619,4.01955,3.62051,4.07201
3.60876,4.02876,3.62051,4.07201
3.60939,4.03105,3.62284,4.0804
3.61088,4.03639,3.62284,4.0804
3.61171,4.03938,3.62517,4.08879
3.6137,4.04654,3.62517,4.08879
3.61441,4.0491,3.62749,4.09718
3.61581,4.05416,3.62981,4.10556
3.61775,4.06116,3.62981,4.10556
3.61889,4.06531,3.63213,4.11394
3.62055,4.0713,3.63213,4.11394
3.62173,4.07558,3.63445,4.12231
3.62285,4.07963,3.63676,4.13068
3.62478,4.08663,3.63676,4.13068
3.62624,4.09195,3.63907,4.13905
3.62782,4.09769,3.64138,4.1474
3.62963,4.10424,3.64138,4.1474
3.63068,4.10805,3.64368,4.15575
3.63225,4.11377,3.64599,4.1641
3.63408,4.12044,3.64599,4.1641
3.63512,4.1242,3.64829,4.17243
3.63663,4.12969,3.65059,4.18076
3.6385,4.13651,3.65059,4.18076
3.63963,4.14063,3.6529,4.18908
3.64115,4.14616,3.6529,4.18908
3.64263,4.15155,3.6552,4.19739
3.6442,4.15728,3.6575,4.20569
3.64552,4.16208,3.6575,4.20569
3.64708,4.16775,3.6598,4.21398
3.64822,4.17189,3.6621,4.22226
3.65056,4.1804,3.6621,4.22226
3.6515,4.18381,3.6644,4.23053
3.65287,4.1888,3.6667,4.23879
3.65473,4.19557,3.6667,4.23879
3.65552,4.19842,3.669,4.24704
3.65745,4.20544,3.669,4.24704
3.65842,4.20896,3.6713,4.25527
3.65982,4.21404,3.6736,4.26349
3.66167,4.22072,3.6736,4.26349
3.66272,4.22451,3.6759,4.2717
3.66466,4.23152,3.67821,4.27989
3.66635,4.23764,3.67821,4.27989
3.66711,4.24039,3.68052,4.28808
3.66865,4.24594,3.68283,4.29624
3.67052,4.25265,3.68283,4.29624
3.67157,4.25644,3.68514,4.30439
3.67323,4.26242,3.68745,4.31253
3.67506,4.26897,3.68745,4.31253
3.67587,4.27187,3.68977,4.32065
3.67735,4.27715,3.68977,4.32065
3.67854,4.2814,3.69209,4.32875
3.68006,4.28683,3.69441,4.33684
3.68146,4.29181,3.69441,4.33684
3.68281,4.29661,3.69673,4.3449
3.68445,4.30244,3.69673,4.3449
3.68571,4.30691,3.69906,4.35296
3.68715,4.312,3.70139,4.36099
3.68901,4.31855,3.70139,4.36099
3.69019,4.3227,3.70373,4.369
3.6921,4.32943,3.70607,4.377
3.69382,4.33546,3.70841,4.38497
3.69564,4.34182,3.70841,4.38497
3.69674,4.34567,3.71076,4.39292
3.69843,4.35155,3.71311,4.40086
3.70029,4.35801,3.71311,4.40086
3.70179,4.3632,3.71547,4.40877
3.70333,4.36852,3.71783,4.41666
3.70518,4.37488,3.71783,4.41666
3.70641,4.37911,3.7202,4.42453
3.70789,4.38418,3.72258,4.43237
3.71025,4.39224,3.72258,4.43237
3.71121,4.39549,3.72496,4.4402
3.71313,4.40199,3.72734,4.44799
3.71487,4.40788,3.72973,4.45577
3.71672,4.41409,3.72973,4.45577
3.71781,4.41775,3.73213,4.46352
3.71952,4.42348,3.73454,4.47125
3.7214,4.42974,3.73454,4.47125
3.72255,4.43354,3.73695,4.47895
3.72405,4.43851,3.73937,4.48662
3.7265,4.44657,3.73937,4.48662
3.72743,4.44963,3.7418,4.49427
3.72851,4.45318,3.74423,4.50189
3.73113,4.4617,3.74423,4.50189
3.732,4.46453,3.74667,4.50948
3.73314,4.46821,3.74912,4.51705
3.73525,4.475,3.74912,4.51705
3.73649,4.47897,3.75158,4.52458
3.73823,4.48454,3.75405,4.53209
3.74019,4.49079,3.75405,4.53209
3.74112,4.49373,3.75652,4.53957
3.74272,4.4988,3.759,4.54702
3.74477,4.50523,3.759,4.54702
3.7461,4.5094,3.7615,4.55444
3.74727,4.51305,3.764,4.56183
3.74941,4.5197,3.764,4.56183
3.75107,4.52482,3.76651,4.56919
3.75283,4.53022,3.76903,4.57651
3.75481,4.53629,3.77156,4.58381
3.75681,4.54235,3.77156,4.58381
3.75772,4.54511,3.7741,4.59107
3.75999,4.55194,3.77665,4.5983
3.7619,4.55767,3.77922,4.60549
3.76395,4.56376,3.77922,4.60549
3.7653,4.56775,3.78179,4.61265
3.76706,4.57293,3.78437,4.61978
3.76917,4.57911,3.78697,4.62687
3.77177,4.58666,3.78697,4.62687
3.77281,4.58967,3.78957,4.63393
3.77464,4.59491,3.79219,4.64095
3.77624,4.59946,3.79482,4.64793
3.77906,4.60747,3.79482,4.64793
3.78023,4.61075,3.79746,4.65488
3.78201,4.61572,3.80012,4.66179
3.78477,4.6234,3.80278,4.66866
3.78672,4.62876,3.80546,4.6755
3.7889,4.63473,3.80546,4.6755
3.79026,4.63842,3.80816,4.68229
3.79229,4.6439,3.81086,4.68905
3.79447,4.64975,3.81358,4.69577
3.79667,4.65559,3.81631,4.70244
3.79892,4.66152,3.81631,4.70244
3.8004,4.6654,3.81906,4.70908
3.80228,4.67028,3.82182,4.71567
3.80519,4.67778,3.82459,4.72223
3.80672,4.68169,3.82738,4.72874
3.80911,4.68774,3.82738,4.72874
3.8102,4.69049,3.83018,4.73521
3.81287,4.69715,3.833,4.74164
3.81505,4.70256,3.83584,4.74802
3.81683,4.70691,3.83869,4.75436
3.81938,4.71313,3.83869,4.75436
3.82102,4.71711,3.84155,4.76065
3.82378,4.7237,3.84443,4.7669
3.82544,4.72763,3.84733,4.77311
3.82797,4.73359,3.84733,4.77311
3.82965,4.7375,3.85024,4.77927
3.83171,4.74223,3.85317,4.78538
3.83484,4.74937,3.85611,4.79145
3.83702,4.75429,3.85907,4.79746
3.83949,4.75982,3.86205,4.80344
3.84199,4.76536,3.86505,4.80936
3.84453,4.77092,3.86806,4.81523
3.84711,4.77651,3.86806,4.81523
3.84922,4.78102,3.87109,4.82106
3.85153,4.78589,3.87414,4.82683
3.85409,4.79124,3.87721,4.83256
3.85664,4.79652,3.8803,4.83824
3.85923,4.80183,3.8834,4.84386
3.86187,4.80717,3.88652,4.84943
3.86523,4.81387,3.88967,4.85496
3.8677,4.81874,3.89283,4.86042
3.87041,4.82401,3.89601,4.86584
3.87318,4.82933,3.89921,4.8712
3.87597,4.83463,3.90243,4.87651
3.8788,4.83993,3.90567,4.88177
3.88166,4.84523,3.90893,4.88697
3.88311,4.84787,3.91221,4.89211
3.88654,4.85408,3.91221,4.89211
3.8883,4.85723,3.91551,4.8972
3.89099,4.86196,3.91884,4.90224
3.89404,4.86727,3.92218,4.90721
3.89699,4.87234,3.92555,4.91213
3.90075,4.87868,3.92893,4.91699
3.90353,4.88328,3.93234,4.9218
3.90661,4.88831,3.93577,4.92654
3.9089,4.89199,3.93923,4.93123
3.91224,4.8973,3.9427,4.93586
3.91535,4.90217,3.9462,4.94043
3.91857,4.90711,3.94972,4.94493
3.92098,4.91076,3.95326,4.94938
3.92449,4.91601,3.95326,4.94938
3.92663,4.91915,3.95683,4.95376
3.92975,4.92365,3.96042,4.95809
3.93219,4.92711,3.96404,4.96235
3.93567,4.932,3.96768,4.96655
3.93899,4.93656,3.97134,4.97068
3.94317,4.94219,3.97503,4.97475
3.94619,4.94617,3.97874,4.97876
3.94961,4.95059,3.98247,4.9827
3.95302,4.95492,3.98624,4.98658
3.95645,4.95919,3.99002,4.99039
3.95993,4.96343,3.99384,4.99414
3.96432,4.96866,3.99767,4.99782
3.96748,4.97234,4.00154,5.00143
3.97109,4.97645,4.00543,5.00497
3.97464,4.98041,4.00935,5.00845
3.97825,4.98435,4.01329,5.01186
3.98189,4.98824,4.01725,5.01521
3.98556,4.99208,4.02125,5.01849
3.98927,4.99586,4.02527,5.0217
3.99208,4.99867,4.02931,5.02485
3.9972,5.00367,4.03338,5.02793
4.00057,5.00687,4.03748,5.03094
4.00446,5.01048,4.0416,5.03389
4.00835,5.01401,4.04574,5.03678
4.01226,5.01745,4.04991,5.0396
4.01621,5.02085,4.05411,5.04235
4.02019,5.02419,4.05833,5.04505
4.02421,5.02746,4.06258,5.04767
4.02825,5.03068,4.06685,5.05024
4.03234,5.03383,4.07114,5.05274
4.03645,5.03692,4.07546,5.05518
4.0406,5.03995,4.0798,5.05755
4.04478,5.04292,4.08417,5.05986
4.05005,5.04654,4.08857,5.06211
4.05391,5.04911,4.09298,5.06429
4.05713,5.05119,4.09742,5.06642
4.06179,5.05412,4.10189,5.06848
4.06602,5.0567,4.10638,5.07048
4.0693,5.05865,4.11089,5.07241
4.07409,5.06142,4.11543,5.07429
4.07857,5.06392,4.11999,5.0761
4.08309,5.06636,4.12457,5.07786
4.08763,5.06873,4.12918,5.07955
4.0922,5.07103,4.13381,5.08118
4.09679,5.07326,4.13847,5.08275
4.10141,5.07542,4.14314,5.08427
4.10605,5.07751,4.14784,5.08572
4.11072,5.07953,4.15257,5.08711
4.11542,5.08148,4.15732,5.08844
4.12013,5.08337,4.16209,5.08971
4.12487,5.08518,4.16688,5.09093
4.12964,5.08693,4.1717,5.09208
4.13443,5.08861,4.17653,5.09318
4.13924,5.09022,4.1814,5.09422
4.14529,5.09214,4.18628,5.0952
4.14966,5.09345,4.19118,5.09612
4.15458,5.09485,4.19611,5.09699
4.15941,5.09615,4.20106,5.09779
4.16428,5.0974,4.20604,5.09854
4.16918,5.09858,4.21103,5.09924
4.1741,5.0997,4.21605,5.09987
4.17905,5.10076,4.22109,5.10045
4.18403,5.10175,4.22615,5.10097
4.18902,5.10268,4.23123,5.10144
4.19405,5.10355,4.23634,5.10185
4.19909,5.10436,4.24146,5.1022
4.20416,5.10511,4.24661,5.1025
4.21052,5.10596,4.25178,5.10275
4.21512,5.10651,4.25697,5.10294
4.22025,5.10705,4.26218,5.10307
4.22407,5.10742,4.26741,5.10315
4.22955,5.1079,4.27267,5.10317
4.23606,5.10838,4.27794,5.10315
4.24078,5.10866,4.28324,5.10306
4.246,5.10891,4.28855,5.10293
4.25123,5.10911,4.29389,5.10273
4.25645,5.10925,4.29925,5.10249
4.2617,5.10934,4.30463,5.10219
4.26698,5.10937,4.31003,5.10184
4.27228,5.10934,4.31544,5.10144
4.27627,5.10929,4.32088,5.10099
4.28199,5.10916,4.32634,5.10048
4.28881,5.10893,4.33182,5.09992
4.29249,5.10877,4.33732,5.09931
4.29815,5.10846,4.34284,5.09864
4.30373,5.10812,4.34838,5.09793
4.30922,5.10773,4.35394,5.09716
4.31475,5.10728,4.35952,5.09635
4.32029,5.10677,4.36512,5.09548
4.32585,5.10622,4.37074,5.09456
4.33003,5.10576,4.37638,5.0936
4.33752,5.10489,4.38204,5.09258
4.3413,5.10441,4.38771,5.09151
4.34716,5.10362,4.39341,5.09039
4.35299,5.10279,4.39913,5.08923
4.35869,5.10193,4.40486,5.08801
4.36586,5.10078,4.41061,5.08675
4.36977,5.10011,4.41639,5.08543
4.37571,5.09906,4.42218,5.08407
4.38152,5.09798,4.42799,5.08266
4.38731,5.09686,4.43381,5.0812
4.39311,5.09568,4.43966,5.0797
4.39893,5.09446,4.44553,5.07814
4.40475,5.09319,4.45141,5.07654
4.41059,5.09187,4.45731,5.07489
4.41643,5.0905,4.46323,5.0732
4.42376,5.08872,4.46917,5.07145
4.42914,5.08737,4.47513,5.06967
4.43349,5.08625,4.4811,5.06783
4.4397,5.0846,4.4811,5.06783
4.44406,5.08342,4.48709,5.06595
4.45037,5.08163,4.4931,5.06402
4.45566,5.0801,4.49913,5.06205
4.46122,5.07845,4.50517,5.06003
4.46683,5.07674,4.51124,5.05797
4.47247,5.07499,4.51732,5.05586
4.47816,5.0732,4.52341,5.05371
4.48533,5.07088,4.52953,5.05151
4.48929,5.06957,4.53566,5.04927
4.49385,5.06805,4.53566,5.04927
4.49848,5.06647,4.54181,5.04698
4.50401,5.06455,4.54797,5.04465
4.50825,5.06307,4.55416,5.04228
4.51425,5.06093,4.55416,5.04228
4.51824,5.05948,4.56036,5.03986
4.52351,5.05754,4.56657,5.0374
4.52911,5.05544,4.57281,5.0349
4.53329,5.05386,4.57906,5.03235
4.53927,5.05158,4.57906,5.03235
4.54421,5.04965,4.58532,5.02976
4.54798,5.04816,4.5916,5.02713
4.55378,5.04585,4.5979,5.02446
4.55946,5.04356,4.60422,5.02174
4.56513,5.04125,4.61055,5.01898
4.57232,5.03827,4.61055,5.01898
4.57476,5.03725,4.6169,5.01619
4.58086,5.03466,4.62326,5.01335
4.58622,5.03236,4.62964,5.01047
4.59175,5.02997,4.63603,5.00754
4.59739,5.02751,4.64244,5.00458
4.6031,5.02499,4.64244,5.00458
4.60732,5.02312,4.64887,5.00158
4.61224,5.0209,4.65531,4.99854
4.61786,5.01836,4.66177,4.99545
4.62346,5.0158,4.66824,4.99233
4.63055,5.01252,4.66824,4.99233
4.63396,5.01094,4.67473,4.98917
4.6389,5.00861,4.68123,4.98597
4.64306,5.00664,4.68775,4.98273
4.65039,5.00314,4.68775,4.98273
4.65361,5.00159,4.69429,4.97945
4.65858,4.99918,4.70083,4.97613
4.66411,4.99648,4.7074,4.97277
4.66963,4.99376,4.71398,4.96938
4.67528,4.99096,4.71398,4.96938
4.67915,4.98903,4.72057,4.96595
4.68396,4.98662,4.72718,4.96248
4.69101,4.98304,4.7338,4.95897
4.69493,4.98105,4.74043,4.95543
4.69933,4.97879,4.74043,4.95543
4.7051,4.97583,4.74709,4.95184
4.70898,4.97381,4.75375,4.94822
4.71478,4.97079,4.75375,4.94822
4.71872,4.96872,4.76043,4.94457
4.72389,4.96599,4.76712,4.94088
4.72948,4.96302,4.77383,4.93715
4.73512,4.96001,4.77383,4.93715
4.73913,4.95785,4.78055,4.93338
4.74425,4.95508,4.78729,4.92958
4.74983,4.95205,4.78729,4.92958
4.75345,4.95007,4.79404,4.92575
4.75711,4.94805,4.8008,4.92188
4.76293,4.94483,4.8008,4.92188
4.767,4.94257,4.80757,4.91797
4.77325,4.93908,4.81436,4.91403
4.77711,4.93691,4.82117,4.91005
4.78278,4.93371,4.82117,4.91005
4.78675,4.93146,4.82798,4.90604
4.79182,4.92856,4.83481,4.902
4.79739,4.92537,4.83481,4.902
4.80141,4.92305,4.84166,4.89792
4.80746,4.91955,4.84851,4.89381
4.81134,4.91728,4.85538,4.88966
4.81706,4.91394,4.85538,4.88966
4.82218,4.91093,4.86226,4.88548
4.82713,4.90801,4.86916,4.88127
4.83257,4.90478,4.87607,4.87703
4.83674,4.90229,4.87607,4.87703
4.84123,4.89961,4.88299,4.87275
4.84774,4.89569,4.88992,4.86844
4.85167,4.89331,4.88992,4.86844
4.8559,4.89074,4.89687,4.8641
4.86092,4.88769,4.90382,4.85972
4.86647,4.88429,4.90382,4.85972
4.87024,4.88197,4.91079,4.85531
4.87514,4.87895,4.91778,4.85088
4.88068,4.87552,4.91778,4.85088
4.88452,4.87313,4.92477,4.84641
4.88933,4.87012,4.93178,4.84191
4.89486,4.86665,4.93178,4.84191
4.89773,4.86484,4.9388,4.83737
4.9027,4.8617,4.94583,4.83281
4.9083,4.85816,4.94583,4.83281
4.91204,4.85578,4.95287,4.82822
4.9157,4.85344,4.95992,4.82359
4.9215,4.84972,4.95992,4.82359
4.92562,4.84708,4.96699,4.81894
4.93067,4.84382,4.96699,4.81894
4.93477,4.84117,4.97407,4.81426
4.93832,4.83886,4.98115,4.80955
4.94393,4.83521,4.98115,4.80955
4.94899,4.83191,4.98825,4.8048
4.95389,4.82869,4.99537,4.80003
4.95791,4.82604,4.99537,4.80003
4.96225,4.82318,5.00249,4.79523
4.96714,4.81994,5.00962,4.7904
4.97262,4.8163,5.00962,4.7904
4.97678,4.81353,5.01677,4.78554
4.98141,4.81044,5.02392,4.78066
4.98552,4.80768,5.02392,4.78066
4.99101,4.804,5.03109,4.77574
4.99597,4.80065,5.03827,4.7708
5.00136,4.79701,5.03827,4.7708
5.00643,4.79357,5.04546,4.76583
5.01126,4.79028,5.05265,4.76084
5.01661,4.78664,5.05265,4.76084
5.02037,4.78406,5.05986,4.75581
5.02644,4.77989,5.06708,4.75076
5.03156,4.77637,5.06708,4.75076
5.03534,4.77376,5.07431,4.74568
5.04002,4.77052,5.08155,4.74058
5.04541,4.76678,5.08155,4.74058
5.04913,4.76419,5.0888,4.73545
5.05406,4.76075,5.09607,4.73029
5.05947,4.75697,5.09607,4.73029
5.06325,4.75432,5.10334,4.72511
5.06691,4.75174,5.11062,4.7199
5.07407,4.7467,5.11062,4.7199
5.07674,4.74482,5.11791,4.71466
5.08151,4.74145,5.11791,4.71466
5.08557,4.73857,5.12521,4.7094
5.09027,4.73522,5.13252,4.70412
5.09573,4.73134,5.13252,4.70412
5.09991,4.72835,5.13984,4.69881
5.10353,4.72576,5.14717,4.69348
5.1092,4.7217,5.14717,4.69348
5.11327,4.71878,5.15451,4.68812
5.11806,4.71533,5.15451,4.68812
5.12116,4.7131,5.16185,4.68274
5.12597,4.70962,5.16185,4.68274
5.13099,4.70598,5.16921,4.67733
5.13578,4.7025,5.17658,4.6719
5.13972,4.69964,5.17658,4.6719
5.14399,4.69653,5.18395,4.66645
5.14883,4.693,5.18395,4.66645
5.15362,4.68949,5.19134,4.66097
5.15836,4.68601,5.19873,4.65547
5.16227,4.68314,5.19873,4.65547
5.16649,4.68003,5.20613,4.64995
5.17136,4.67644,5.21355,4.6444
5.17809,4.67147,5.21355,4.6444
5.18159,4.66888,5.22096,4.63884
5.18637,4.66533,5.22839,4.63325
5.19177,4.66132,5.22839,4.63325
5.1959,4.65824,5.23583,4.62763
5.20063,4.65471,5.23583,4.62763
5.20564,4.65097,5.24328,4.622
5.2103,4.64748,5.25073,4.61635
5.21547,4.6436,5.25073,4.61635
5.21933,4.6407,5.25819,4.61067
5.22406,4.63714,5.26566,4.60497
5.22939,4.63311,5.26566,4.60497
5.23436,4.62936,5.27314,4.59925
5.23789,4.62669,5.28063,4.59351
5.24331,4.62258,5.28063,4.59351
5.24753,4.61937,5.28812,4.58776
5.25238,4.61569,5.28812,4.58776
5.25736,4.61189,5.29562,4.58198
5.26089,4.6092,5.30313,4.57618
5.26626,4.60509,5.30313,4.57618
5.27053,4.60183,5.31065,4.57036
5.27652,4.59723,5.31065,4.57036
5.28027,4.59435,5.31817,4.56452
5.28504,4.59069,5.32571,4.55866
5.28895,4.58767,5.32571,4.55866
5.29217,4.58519,5.33324,4.55278
5.29843,4.58036,5.33324,4.55278
5.30198,4.57761,5.34079,4.54689
5.30551,4.57488,5.34835,4.54097
5.31101,4.57061,5.34835,4.54097
5.31517,4.56738,5.35591,4.53504
5.32027,4.56342,5.35591,4.53504
5.32424,4.56032,5.36348,4.52909
5.32787,4.5575,5.36348,4.52909
5.33211,4.55419,5.37105,4.52312
5.33813,4.54948,5.37863,4.51713
5.34193,4.54651,5.37863,4.51713
5.34622,4.54314,5.38622,4.51113
5.35108,4.53933,5.38622,4.51113
5.35501,4.53624,5.39382,4.50511
5.35978,4.53249,5.40142,4.49907
5.36506,4.52833,5.40142,4.49907
5.3691,4.52514,5.40903,4.49301
5.37392,4.52134,5.40903,4.49301
5.37804,4.51808,5.41665,4.48694
5.38383,4.51349,5.42427,4.48085
5.3889,4.50948,5.42427,4.48085
5.39286,4.50633,5.4319,4.47474
5.39626,4.50362,5.4319,4.47474
5.40048,4.50027,5.43953,4.46862
5.40645,4.49552,5.43953,4.46862
5.40996,4.49271,5.44717,4.46249
5.41441,4.48916,5.45482,4.45633
5.41956,4.48504,5.45482,4.45633
5.42336,4.482,5.46247,4.45016
5.42818,4.47814,5.46247,4.45016
5.43197,4.4751,5.47013,4.44398
5.43656,4.47142,5.47779,4.43778
5.44177,4.46722,5.47779,4.43778
5.44472,4.46485,5.48546,4.43157
5.4509,4.45987,5.48546,4.43157
5.45454,4.45694,5.49314,4.42534
5.45929,4.45311,5.50082,4.4191
5.46453,4.44888,5.50082,4.4191
5.46872,4.44549,5.5085,4.41285
5.47367,4.44148,5.5085,4.41285
5.4765,4.43919,5.5162,4.40658
5.48119,4.43539,5.5162,4.40658
5.48517,4.43216,5.52389,4.40029
5.49001,4.42823,5.52389,4.40029
5.49277,4.42599,5.53159,4.394
5.49735,4.42226,5.53159,4.394
5.50134,4.41901,5.5393,4.38769
5.50606,4.41517,5.54701,4.38136
5.51125,4.41094,5.54701,4.38136
5.51435,4.40841,5.55473,4.37503
5.51909,4.40454,5.55473,4.37503
5.52322,4.40116,5.56245,4.36868
5.52801,4.39725,5.56245,4.36868
5.53198,4.394,5.57018,4.36232
5.53539,4.3912,5.57791,4.35595
5.54071,4.38684,5.57791,4.35595
5.54611,4.38241,5.58565,4.34956
5.55094,4.37844,5.58565,4.34956
5.55498,4.37513,5.59339,4.34317
5.55953,4.37138,5.60113,4.33676
5.56475,4.36709,5.60113,4.33676
5.56883,4.36373,5.60888,4.33034
5.57369,4.35972,5.60888,4.33034
5.57783,4.3563,5.61664,4.32391
5.58239,4.35254,5.61664,4.32391
5.58633,4.34928,5.62439,4.31747
5.59103,4.3454,5.63216,4.31102
5.59747,4.34007,5.63216,4.31102
5.60119,4.33699,5.63992,4.30456
5.60589,4.33309,5.63992,4.30456
5.60976,4.32989,5.64769,4.29809
5.61443,4.32601,5.65547,4.29161
5.61959,4.32172,5.65547,4.29161
5.62359,4.3184,5.66324,4.28512
5.62843,4.31438,5.66324,4.28512
5.63136,4.31194,5.67102,4.27862
5.636,4.30808,5.67102,4.27862
5.64118,4.30376,5.67881,4.27211
5.64572,4.29998,5.6866,4.26559
5.65205,4.2947,5.6866,4.26559
5.65496,4.29227,5.69439,4.25906
5.65954,4.28845,5.69439,4.25906
5.66348,4.28516,5.70218,4.25253
5.66705,4.28217,5.70218,4.25253
5.67022,4.27952,5.70998,4.24598
5.67495,4.27556,5.70998,4.24598
5.67886,4.27229,5.71778,4.23943
5.68352,4.26839,5.71778,4.23943
5.68641,4.26597,5.72559,4.23287
5.69107,4.26206,5.72559,4.23287
5.69505,4.25872,5.73339,4.2263
5.6996,4.2549,5.73339,4.2263
5.70257,4.25241,5.7412,4.21973
5.70708,4.24862,5.7412,4.21973
5.71212,4.24438,5.74902,4.21315
5.71667,4.24056,5.75683,4.20656
5.72147,4.23652,5.75683,4.20656
5.72449,4.23398,5.76465,4.19996
5.73016,4.2292,5.76465,4.19996
5.734,4.22597,5.77247,4.19336
5.73854,4.22215,5.77247,4.19336
5.74248,4.21882,5.78029,4.18675
5.74684,4.21515,5.78812,4.18013
5.75133,4.21136,5.78812,4.18013
5.75554,4.20781,5.79595,4.17351
5.76098,4.20322,5.79595,4.17351
5.7649,4.1999,5.80378,4.16689
5.76915,4.19631,5.80378,4.16689
5.77311,4.19297,5.81161,4.16025
5.77623,4.19033,5.81161,4.16025
5.78136,4.18599,5.81944,4.15362
5.78547,4.18251,5.82728,4.14697
5.78951,4.1791,5.82728,4.14697
5.79353,4.17569,5.83512,4.14033
5.79647,4.1732,5.83512,4.14033
5.80137,4.16905,5.83512,4.14033
5.80519,4.16582,5.84296,4.13367
5.80901,4.16258,5.8508,4.12702
5.81273,4.15942,5.8508,4.12702
5.81645,4.15627,5.85864,4.12036
5.82009,4.15319,5.85864,4.12036
5.8237,4.15012,5.85864,4.12036
5.82731,4.14706,5.86649,4.11369
5.82995,4.14482,5.86649,4.11369
5.83345,4.14184,5.87433,4.10702
5.83685,4.13896,5.87433,4.10702
5.83939,4.1368,5.88218,4.10035
5.84269,4.134,5.88218,4.10035
5.84597,4.13121,5.88218,4.10035
5.84925,4.12843,5.89003,4.09368
5.85164,4.12639,5.89003,4.09368
5.8548,4.12371,5.89003,4.09368
5.85795,4.12103,5.89788,4.087
5.861,4.11844,5.89788,4.087
5.86403,4.11586,5.90573,4.08032
5.86621,4.114,5.90573,4.08032
5.86912,4.11153,5.90573,4.08032
5.87275,4.10845,5.91358,4.07363
5.87552,4.10609,5.91358,4.07363
5.87759,4.10432,5.91358,4.07363
5.88036,4.10197,5.92144,4.06695
5.88301,4.09971,5.92144,4.06695
5.88629,4.09692,5.92144,4.06695
5.88826,4.09524,5.92929,4.06026
5.8914,4.09257,5.92929,4.06026
5.89388,4.09046,5.93715,4.05357
5.89621,4.08847,5.93715,4.05357
5.89853,4.0865,5.93715,4.05357
5.90142,4.08403,5.93715,4.05357
5.90374,4.08206,5.945,4.04688
5.90591,4.08021,5.945,4.04688
5.90806,4.07838,5.945,4.04688
5.9102,4.07656,5.95286,4.04018
5.9122,4.07485,5.95286,4.04018
5.91464,4.07277,5.95286,4.04018
5.91611,4.07152,5.95286,4.04018
5.91807,4.06985,5.96071,4.03349
5.92031,4.06794,5.96071,4.03349
5.92162,4.06682,5.96071,4.03349
5.92381,4.06496,5.96071,4.03349
5.92512,4.06384,5.96857,4.02679
5.92669,4.0625,5.96857,4.02679
5.9282,4.06121,5.96857,4.02679
5.92972,4.05992,5.96857,4.02679
5.93124,4.05863,5.96857,4.02679
5.93237,4.05766,5.97643,4.02009
5.93334,4.05684,5.97643,4.02009
5.93488,4.05552,5.97643,4.02009
5.93581,4.05473,5.97643,4.02009
5.93674,4.05394,5.97643,4.02009
5.93798,4.05288,5.97643,4.02009
5.93952,4.05156,5.97643,4.02009
5.94045,4.05077,5.98428,4.0134
5.94118,4.05015,5.98428,4.0134
5.94205,4.04941,5.98428,4.0134
5.94314,4.04848,5.98428,4.0134
5.9438,4.04792,5.98428,4.0134
5.94468,4.04717,5.98428,4.0134
5.94555,4.04643,5.98428,4.0134
5.94642,4.04568,5.98428,4.0134
5.9473,4.04493,5.99214,4.0067
5.94753,4.04474,5.99214,4.0067
5.94753,4.04474,5.99214,4.0067
5.94753,4.04474,5.99214,4.0067
5.94753,4.04474,5.99214,4.0067
5.94753,4.04474,5.99214,4.0067
5.94753,4.04474,5.99214,4.0067
5.94753,4.04474,5.99214,4.0067
5.94753,4.04474,5.99214,4.0067
5.94753,4.04474,5.99214,4.0067
5.94753,4.04474,5.99214,4.0067
5.94753,4.04474,5.99214,4.0067
5.94753,4.04474,5.99214,4.0067
5.94753,4.04474,5.99214,4.0067
5.94753,4.04474,5.99214,4.0067
5.94753,4.04474,5.99214,4.0067
5.94753,4.04474,5.99214,4.0067
5.94753,4.04474,5.99214,4.0067
5.94753,4.04474,5.99214,4.0067
5.94753,4.04474,5.99214,4.0067
5.94753,4.04474,5.99214,4.0067
5.94753,4.04474,5.99214,4.0067
5.94753,4.04474,5.99214,4.0067
5.94753,4.04474,5.99214,4.0067
5.94753,4.04474,5.99214,4.0067
5.94753,4.04474,5.99214,4.0067
5.94753,4.04474,5.99214,4.0067
5.94753,4.04474,5.99214,4.0067
5.94753,4.04474,5.99214,4.0067
5.94753,4.04474,5.99214,4.0067
5.94753,4.04474,5.99214,4.0067
5.94753,4.04474,5.99214,4.0067
5.94753,4.04474,5.99214,4.0067
5.94753,4.04474,5.99214,4.0067
5.94753,4.04474,5.99214,4.0067
5.94753,4.04474,5.99214,4.0067
5.94753,4.04474,5.99214,4.0067
5.94753,4.04474,5.99214,4.0067
5.94753,4.04474,5.99214,4.0067
5.94753,4.04474,5.99214,4.0067
5.94753,4.04474,5.99214,4.0067
5.94753,4.04474,5.99214,4.0067
5.94753,4.04474,5.99214,4.0067
5.94753,4.04474,5.99214,4.0067
5.94753,4.04474,5.99214,4.0067
5.94753,4.04474,5.99214,4.0067
5.94753,4.04474,5.99214,4.0067
5.94753,4.04474,5.99214,4.0067
5.94753,4.04474,5.99214,4.0067
5.94753,4.04474,5.99214,4.0067
5.94753,4.04474,5.99214,4.0067
5.94753,4.04474,5.99214,4.0067
5.94753,4.04474,5.99214,4.0067
5.94753,4.04474,5.99214,4.0067
5.94753,4.04474,5.99214,4.0067
5.94753,4.04474,5.99214,4.0067
5.94753,4.04474,5.99214,4.0067
5.94753,4.04474,5.99214,4.0067
5.94753,4.04474,5.99214,4.0067
5.94753,4.04474,5.99214,4.0067
5.94753,4.04474,5.99214,4.0067
5.94753,4.04474,5.99214,4.0067
5.94753,4.04474,5.99214,4.0067
5.94753,4.04474,5.99214,4.0067
5.94753,4.04474,5.99214,4.0067
5.94753,4.04474,5.99214,4.0067
5.94753,4.04474,5.99214,4.0067
5.94753,4.04474,5.99214,4.0067
5.94753,4.04474,5.99214,4.0067
5.94753,4.04474,5.99214,4.0067
5.94753,4.04474,5.99214,4.0067
5.94753,4.04474,5.99214,4.0067
5.94753,4.04474,5.99214,4.0067
5.94753,4.04474,5.99214,4.0067
5.94753,4.04474,5.99214,4.0067
5.94753,4.04474,5.99214,4.0067
5.94753,4.04474,5.99214,4.0067
5.94753,4.04474,5.99214,4.0067
5.94753,4.04474,5.99214,4.0067
5.94753,4.04474,5.99214,4.0067
5.94753,4.04474,5.99214,4.0067
5.94753,4.04474,5.99214,4.0067
5.94753,4.04474,5.99214,4.0067
5.94753,4.04474,5.99214,4.0067
5.94753,4.04474,5.99214,4.0067
5.94753,4.04474,5.99214,4.0067
5.94753,4.04474,5.99214,4.0067
5.94753,4.04474,5.99214,4.0067
5.94753,4.04474,5.99214,4.0067
5.94753,4.04474,5.99214,4.0067
5.94753,4.04474,5.99214,4.0067
5.94753,4.04474,5.99214,4.0067
5.94753,4.04474,5.99214,4.0067
5.94753,4.04474,5.99214,4.0067
5.94753,4.04474,5.99214,4.0067
5.94753,4.04474,5.99214,4.0067
5.94753,4.04474,5.99214,4.0067
5.94753,4.04474,5.99214,4.0067
5.94753,4.04474,5.99214,4.0067
5.94753,4.04474,5.99214,4.0067
5.94753,4.04474,5.99214,4.0067
5.94753,4.04474,5.99214,4.0067
5.94753,4.04474,5.99214,4.0067
5.94753,4.04474,5.99214,4.0067
5.94753,4.04474,5.99214,4.0067
5.94753,4.04474,5.99214,4.0067
5.94753,4.04474,5.99214,4.0067
5.94753,4.04474,5.99214,4.0067
5.94753,4.04474,5.99214,4.0067
5.94753,4.04474,5.99214,4.0067
5.94753,4.04474,5.99214,4.0067
5.94753,4.04474,5.99214,4.0067
5.94753,4.04474,5.99214,4.0067
5.94753,4.04474,5.99214,4.0067
5.94753,4.04474,5.99214,4.0067
5.94753,4.04474,5.99214,4.0067
5.94753,4.04474,5.99214,4.0067
5.94753,4.04474,5.99214,4.0067
5.94753,4.04474,5.99214,4.0067
5.94753,4.04474,5.99214,4.0067
5.94753,4.04474,5.99214,4.0067
5.94753,4.04474,5.99214,4.0067
5.94753,4.04474,5.99214,4.0067
5.94753,4.04474,5.99214,4.0067
5.94753,4.04474,5.99214,4.0067
5.94753,4.04474,5.99214,4.0067
5.94753,4.04474,5.99214,4.0067
5.94753,4.04474,5.99214,4.0067
5.94753,4.04474,5.99214,4.0067
5.94753,4.04474,5.99214,4.0067
5.94753,4.04474,5.99214,4.0067
5.94753,4.04474,5.99214,4.0067
5.94753,4.04474,5.99214,4.0067
5.94753,4.04474,5.99214,4.0067
5.94753,4.04474,5.99214,4.0067
5.94753,4.04474,5.99214,4.0067
5.94753,4.04474,5.99214,4.0067
5.94753,4.04474,5.99214,4.0067
5.94753,4.04474,5.99214,4.0067
5.94753,4.04474,5.99214,4.0067
5.94753,4.04474,5.99214,4.0067
5.94753,4.04474,5.99214,4.0067
5.94753,4.04474,5.99214,4.0067
5.94753,4.04474,5.99214,4.0067
5.94753,4.04474,5.99214,4.0067
5.94753,4.04474,5.99214,4.0067
5.94753,4.04474,5.99214,4.0067
5.94753,4.04474,5.99214,4.0067
5.94753,4.04474,5.99214,4.0067
5.94753,4.04474,5.99214,4.0067
5.94753,4.04474,5.99214,4.0067
5.94753,4.04474,5.99214,4.0067
5.94753,4.04474,5.99214,4.0067
5.94753,4.04474,5.99214,4.0067
5.94753,4.04474,5.99214,4.0067
5.94753,4.04474,5.99214,4.0067
5.94753,4.04474,5.99214,4.0067
5.94753,4.04474,5.99214,4.0067
5.94753,4.04474,5.99214,4.0067
5.94753,4.04474,5.99214,4.0067
5.94753,4.04474,5.99214,4.0067
5.94753,4.04474,5.99214,4.0067
5.94753,4.04474,5.99214,4.0067
5.94753,4.04474,5.99214,4.0067
5.94753,4.04474,5.99214,4.0067
5.94753,4.04474,5.99214,4.0067
5.94753,4.04474,5.99214,4.0067
5.94753,4.04474,5.99214,4.0067
5.94753,4.04474,5.99214,4.0067
5.94753,4.04474,5.99214,4.0067
5.94753,4.04474,5.99214,4.0067
5.94753,4.04474,5.99214,4.0067
5.94753,4.04474,5.99214,4.0067
5.94753,4.04474,5.99214,4.0067
5.94753,4.04474,5.99214,4.0067
5.94753,4.04474,5.99214,4.0067
5.94753,4.04474,5.99214,4.0067
5.94753,4.04474,5.99214,4.0067
5.94753,4.04474,5.99214,4.0067
5.94753,4.04474,5.99214,4.0067
5.94753,4.04474,5.99214,4.0067
5.94753,4.04474,5.99214,4.0067
5.94753,4.04474,5.99214,4.0067
5.94753,4.04474,5.99214,4.0067
5.94753,4.04474,5.99214,4.0067
5.94753,4.04474,5.99214,4.0067
5.94753,4.04474,5.99214,4.0067
5.94753,4.04474,5.99214,4.0067
5.94753,4.04474,5.99214,4.0067
5.94753,4.04474,5.99214,4.0067
5.94753,4.04474,5.99214,4.0067
5.94753,4.04474,5.99214,4.0067
5.94753,4.04474,5.99214,4.0067
5.94753,4.04474,5.99214,4.0067
5.94753,4.04474,5.99214,4.0067
5.94753,4.04474,5.99214,4.0067
5.94753,4.04474,5.99214,4.0067
5.94753,4.04474,5.99214,4.0067
5.94753,4.04474,5.99214,4.0067
5.94753,4.04474,5.99214,4.0067
5.94753,4.04474,5.99214,4.0067
5.94753,4.04474,5.99214,4.0067
5.94753,4.04474,5.99214,4.0067
5.94753,4.04474,5.99214,4.0067
5.94753,4.04474,5.99214,4.0067
5.94753,4.04474,5.99214,4.0067
5.94753,4.04474,5.99214,4.0067
5.94753,4.04474,5.99214,4.0067
5.94753,4.04474,5.99214,4.0067
5.94753,4.04474,5.99214,4.0067
5.94753,4.04474,5.99214,4.0067
5.94753,4.04474,5.99214,4.0067
5.94753,4.04474,5.99214,4.0067
5.94753,4.04474,5.99214,4.0067
5.94753,4.04474,5.99214,4.0067
5.94753,4.04474,5.99214,4.0067
5.94753,4.04474,5.99214,4.0067
5.94753,4.04474,5.99214,4.0067
5.94753,4.04474,5.99214,4.0067
5.94753,4.04474,5.99214,4.0067
5.94753,4.04474,5.99214,4.0067
5.94753,4.04474,5.99214,4.0067
5.94753,4.04474,5.99214,4.0067
5.94753,4.04474,5.99214,4.0067
5.94753,4.04474,5.99214,4.0067
5.94753,4.04474,5.99214,4.0067
5.94753,4.04474,5.99214,4.0067
5.94753,4.04474,5.99214,4.0067
5.94753,4.04474,5.99214,4.0067
5.94753,4.04474,5.99214,4.0067
5.94753,4.04474,5.99214,4.0067
5.94753,4.04474,5.99214,4.0067
5.94753,4.04474,5.99214,4.0067
5.94753,4.04474,5.99214,4.0067
5.94753,4.04474,5.99214,4.0067
5.94753,4.04474,5.99214,4.0067
5.94753,4.04474,5.99214,4.0067
5.94753,4.04474,5.99214,4.0067
5.94753,4.04474,5.99214,4.0067
5.94753,4.04474,5.99214,4.0067
5.94753,4.04474,5.99214,4.0067
5.94753,4.04474,5.99214,4.0067
5.94753,4.04474,5.99214,4.0067
5.94753,4.04474,5.99214,4.0067
5.94753,4.04474,5.99214,4.0067
5.94753,4.04474,5.99214,4.0067
5.94753,4.04474,5.99214,4.0067
5.94753,4.04474,5.99214,4.0067
5.94753,4.04474,5.99214,4.0067
5.94753,4.04474,5.99214,4.0067
5.94753,4.04474,5.99214,4.0067
5.94753,4.04474,5.99214,4.0067
5.94753,4.04474,5.99214,4.0067
5.94753,4.04474,5.99214,4.0067
5.94753,4.04474,5.99214,4.0067
5.94753,4.04474,5.99214,4.0067
5.94753,4.04474,5.99214,4.0067
5.94753,4.04474,5.99214,4.0067
5.94753,4.04474,5.99214,4.0067
5.94753,4.04474,5.99214,4.0067
5.94753,4.04474,5.99214,4.0067
5.94753,4.04474,5.99214,4.0067
5.94753,4.04474,5.99214,4.0067
5.94753,4.04474,5.99214,4.0067
5.94753,4.04474,5.99214,4.0067
5.94753,4.04474,5.99214,4.0067
5.94753,4.04474,5.99214,4.0067
5.94753,4.04474,5.99214,4.0067
5.94753,4.04474,5.99214,4.0067
5.94753,4.04474,5.99214,4.0067
5.94753,4.04474,5.99214,4.0067
5.94753,4.04474,5.99214,4.0067
5.94753,4.04474,5.99214,4.0067
5.94753,4.04474,5.99214,4.0067
5.94753,4.04474,5.99214,4.0067
5.94753,4.04474,5.99214,4.0067
5.94753,4.04474,5.99214,4.0067
5.94753,4.04474,5.99214,4.0067
5.94753,4.04474,5.99214,4.0067
5.94753,4.04474,5.99214,4.0067
5.94753,4.04474,5.99214,4.0067
5.94753,4.04474,5.99214,4.0067
5.94753,4.04474,5.99214,4.0067
5.94753,4.04474,5.99214,4.0067
5.94753,4.04474,5.99214,4.0067
5.94753,4.04474,5.99214,4.0067
5.94753,4.04474,5.99214,4.0067
5.94753,4.04474,5.99214,4.0067
5.94753,4.04474,5.99214,4.0067
5.94753,4.04474,5.99214,4.0067
5.94753,4.04474,5.99214,4.0067
5.94753,4.04474,5.99214,4.0067
5.94753,4.04474,5.99214,4.0067
5.94753,4.04474,5.99214,4.0067
5.94753,4.04474,5.99214,4.0067
5.94753,4.04474,5.99214,4.0067
5.94753,4.04474,5.99214,4.0067
5.94753,4.04474,5.99214,4.0067
5.94753,4.04474,5.99214,4.0067
5.94753,4.04474,5.99214,4.0067
5.94753,4.04474,5.99214,4.0067
5.94753,4.04474,5.99214,4.0067
5.94753,4.04474,5.99214,4.0067
5.94753,4.04474,5.99214,4.0067
5.94753,4.04474,5.99214,4.0067
5.94753,4.04474,5.99214,4.0067
5.94753,4.04474,5.99214,4.0067
5.94753,4.04474,5.99214,4.0067
5.94753,4.04474,5.99214,4.0067
5.94753,4.04474,5.99214,4.0067
5.94753,4.04474,5.99214,4.0067
5.94753,4.04474,5.99214,4.0067
5.94753,4.04474,5.99214,4.0067
5.94753,4.04474,5.99214,4.0067
5.94753,4.04474,5.99214,4.0067
5.94753,4.04474,5.99214,4.0067
5.94753,4.04474,5.99214,4.0067
5.94753,4.04474,5.99214,4.0067
5.94753,4.04474,5.99214,4.0067
5.94753,4.04474,5.99214,4.0067
5.94753,4.04474,5.99214,4.0067
5.94753,4.04474,5.99214,4.0067
5.94753,4.04474,5.99214,4.0067
5.94753,4.04474,5.99214,4.0067
5.94753,4.04474,5.99214,4.0067
5.94753,4.04474,5.99214,4.0067
5.94753,4.04474,5.99214,4.0067
